{"mean": [1.7609384908053265, 1.6303107165504123, 1.7545973367152823, 1.7736207989854154, 1.8459099556119214, 1.7793278376664552, 1.7159162967660113, 2.3329105897273306, 2.311984781230184, 2.702599873176918, 2.3551046290424855, 1.8199112238427393, 2.225110970196576, 2.0672162333544706, 2.2663284717818644, 2.4166138237159163, 2.4242232086239697, 1.4584654407102093, 1.7736207989854154, 1.653138871274572, 1.9619530754597336, 1.488268864933418, 1.7603043753963221, 1.6290424857324033, 1.414711477488903, 1.1642358909321497], "std": [0.9651090702399834, 1.0344329156779464, 0.9933287839980758, 0.9792335287826237, 0.9854863443744131, 0.9956169281095603, 1.0650171703824158, 1.187074207718726, 1.1628642746532811, 1.1422367172124905, 1.2308498612487577, 1.0886090289863954, 1.0898405593860165, 1.0256306593384543, 1.138517442524227, 1.18361373870314, 1.174986251334333, 0.9613750081957273, 1.0401522452213092, 1.0633894203654086, 0.9745386318867433, 1.0425424309618812, 1.0776436440922315, 1.0309078483811287, 1.0299197762658994, 1.1430534883661647]}